Poisson Period,Packet Size,Mean Throughput,Packet Delivery Ratio
150,100,5.448645833333333,99.950992403822596


150,100,5.448645833333333,99.950992403822596


