Poisson Period,Packet Size,Mean Throughput,Packet Delivery Ratio
60,100,13.290729499999999,99.065513470523911


60,100,13.290729499999999,99.065513470523911


