Poisson Period,Packet Size,Mean Throughput,Packet Delivery Ratio
40,100,16.402740333333337,82.332486291293293


40,100,16.402740333333337,82.332486291293293


