Poisson Period,Packet Size,Mean Throughput,Packet Delivery Ratio
200,100,3.9037021666666667,100.0


200,100,3.9037021666666667,100.0


