Poisson Period,Packet Size,Mean Throughput,Packet Delivery Ratio
80,100,9.8580968333333328,99.608795359503574


80,100,9.8580968333333328,99.608795359503574


