Poisson Period,Packet Size,Mean Throughput,Packet Delivery Ratio
100,100,7.9180561666666662,99.764705882352942


100,100,7.9180561666666662,99.764705882352942


